id_data,data,anno,mese,giorno,is_weekend,is_festivo
5505,2024-11-28,2024,11,28,0,0
5506,2025-01-07,2025,1,7,0,0
5507,2024-12-31,2024,12,31,0,0
5508,2024-12-28,2024,12,28,1,0
5509,2025-07-01,2025,7,1,0,0
5510,2025-03-04,2025,3,4,0,0
5511,2025-04-28,2025,4,28,0,0
5512,2024-10-12,2024,10,12,1,0
5513,2024-09-25,2024,9,25,0,0
5514,2025-03-11,2025,3,11,0,0
5515,2025-10-06,2025,10,6,0,0
5516,2025-09-29,2025,9,29,0,0
5517,2025-09-16,2025,9,16,0,0
5518,2025-12-18,2025,12,18,0,0
5608,2025-12-14,2025,12,14,1,0
5609,2025-12-12,2025,12,12,0,0
5610,2025-08-09,2025,8,9,1,0
5611,2025-06-19,2025,6,19,0,0
5612,2025-06-16,2025,6,16,0,0
5613,2025-04-08,2025,4,8,0,0
5614,2025-05-29,2025,5,29,0,0
5615,2025-05-26,2025,5,26,0,0
5616,2025-05-24,2025,5,24,1,0
5617,2025-02-15,2025,2,15,1,0
5618,2025-01-21,2025,1,21,0,0
5619,2024-11-01,2024,11,1,0,1
5620,2024-10-23,2024,10,23,0,0
5621,2024-08-06,2024,8,6,0,0
5622,2024-07-31,2024,7,31,0,0
5623,2024-07-13,2024,7,13,1,0
5624,2024-07-11,2024,7,11,0,0
5625,2024-09-17,2024,9,17,0,0
5626,2024-06-10,2024,6,10,0,0
5627,2022-12-11,2022,12,11,1,0
5628,2022-12-20,2022,12,20,0,0
5629,2021-10-03,2021,10,3,1,0
5630,2021-10-10,2021,10,10,1,0
5631,2021-10-14,2021,10,14,0,0
5632,2021-11-06,2021,11,6,1,0
5633,2021-11-16,2021,11,16,0,0
5634,2021-12-05,2021,12,5,1,0
5635,2021-12-13,2021,12,13,0,0
5636,2021-12-18,2021,12,18,1,0
5637,2021-12-26,2021,12,26,1,1
5638,2022-01-03,2022,1,3,0,0
5639,2022-01-19,2022,1,19,0,0
5640,2022-02-11,2022,2,11,0,0
5641,2023-02-19,2023,2,19,1,0
5642,2023-03-01,2023,3,1,0,0
5643,2023-03-12,2023,3,12,1,0
5644,2023-04-06,2023,4,6,0,0
5645,2023-04-09,2023,4,9,1,0
5646,2021-05-01,2021,5,1,1,1
5647,2021-05-02,2021,5,2,1,0
5648,2021-05-13,2021,5,13,0,0
5649,2021-05-23,2021,5,23,1,0
5650,2021-05-25,2021,5,25,0,0
5651,2021-06-04,2021,6,4,0,0
5652,2021-06-06,2021,6,6,1,0
5653,2021-06-14,2021,6,14,0,0
5654,2021-06-15,2021,6,15,0,0
5655,2021-06-17,2021,6,17,0,0
5656,2021-06-29,2021,6,29,0,0
5657,2023-11-14,2023,11,14,0,0
5658,2023-11-18,2023,11,18,1,0
5659,2023-12-03,2023,12,3,1,0
5660,2023-12-06,2023,12,6,0,0
5661,2023-09-03,2023,9,3,1,0
5662,2023-10-06,2023,10,6,0,0
5663,2023-10-12,2023,10,12,0,0
5664,2023-10-13,2023,10,13,0,0
5665,2023-10-14,2023,10,14,1,0
5666,2023-10-27,2023,10,27,0,0
5667,2023-01-16,2023,1,16,0,0
5668,2023-01-23,2023,1,23,0,0
5669,2021-07-16,2021,7,16,0,0
5670,2021-07-19,2021,7,19,0,0
5671,2021-08-05,2021,8,5,0,0
5672,2021-09-02,2021,9,2,0,0
5673,2022-03-15,2022,3,15,0,0
5674,2022-03-17,2022,3,17,0,0
5675,2022-03-21,2022,3,21,0,0
5676,2022-04-03,2022,4,3,1,0
5677,2022-04-09,2022,4,9,1,0
5678,2024-02-11,2024,2,11,1,0
5679,2024-03-11,2024,3,11,0,0
5680,2024-03-19,2024,3,19,0,0
5681,2024-03-23,2024,3,23,1,0
5682,2024-04-26,2024,4,26,0,0
5683,2024-05-07,2024,5,7,0,0
5684,2024-05-25,2024,5,25,1,0
5685,2024-05-29,2024,5,29,0,0
5686,2021-02-17,2021,2,17,0,0
5687,2021-02-19,2021,2,19,0,0
5688,2021-03-05,2021,3,5,0,0
5689,2021-03-08,2021,3,8,0,0
5690,2023-05-11,2023,5,11,0,0
5691,2023-06-22,2023,6,22,0,0
5692,2022-07-04,2022,7,4,0,0
5693,2022-08-15,2022,8,15,0,1
5694,2022-09-04,2022,9,4,1,0
5695,2022-10-08,2022,10,8,1,0
5696,2022-10-19,2022,10,19,0,0
5697,2023-07-01,2023,7,1,1,0
5809,2024-12-10,2024,12,10,0,0
5810,2025-01-04,2025,1,4,1,0
5811,2024-12-22,2024,12,22,1,0
5812,2025-02-18,2025,2,18,0,0
5813,2025-02-16,2025,2,16,1,0
5814,2025-04-26,2025,4,26,1,0
5815,2025-04-19,2025,4,19,1,0
5816,2024-09-30,2024,9,30,0,0
5817,2024-09-28,2024,9,28,1,0
5818,2024-11-17,2024,11,17,1,0
5819,2024-11-13,2024,11,13,0,0
5820,2024-11-11,2024,11,11,0,0
5821,2025-05-05,2025,5,5,0,0
5822,2025-06-23,2025,6,23,0,0
5823,2025-09-14,2025,9,14,1,0
5824,2025-08-29,2025,8,29,0,0
5825,2025-10-11,2025,10,11,1,0
5826,2025-11-23,2025,11,23,1,0
5827,2025-12-26,2025,12,26,0,1
5828,2025-12-09,2025,12,9,0,0
5829,2025-11-04,2025,11,4,0,0
5830,2025-03-24,2025,3,24,0,0
5831,2025-07-21,2025,7,21,0,0
5832,2025-02-10,2025,2,10,0,0
5833,2025-02-05,2025,2,5,0,0
5834,2025-02-04,2025,2,4,0,0
5835,2024-11-02,2024,11,2,1,0
5836,2024-10-25,2024,10,25,0,0
5837,2024-08-15,2024,8,15,0,1
5838,2024-08-03,2024,8,3,1,0
5839,2024-07-29,2024,7,29,0,0
5840,2024-09-06,2024,9,6,0,0
5841,2024-08-27,2024,8,27,0,0
5842,2024-08-25,2024,8,25,1,0
5843,2024-07-03,2024,7,3,0,0
5844,2024-06-24,2024,6,24,0,0
5845,2024-06-21,2024,6,21,0,0
5846,2022-12-09,2022,12,9,0,0
5847,2022-12-16,2022,12,16,0,0
5848,2021-10-20,2021,10,20,0,0
5849,2021-10-29,2021,10,29,0,0
5850,2021-11-02,2021,11,2,0,0
5851,2021-11-05,2021,11,5,0,0
5852,2021-11-23,2021,11,23,0,0
5853,2021-11-25,2021,11,25,0,0
5854,2021-12-14,2021,12,14,0,0
5855,2021-12-19,2021,12,19,1,0
5856,2022-01-06,2022,1,6,0,1
5857,2022-01-11,2022,1,11,0,0
5858,2022-01-22,2022,1,22,1,0
5859,2022-01-31,2022,1,31,0,0
5860,2022-02-07,2022,2,7,0,0
5861,2022-02-10,2022,2,10,0,0
5862,2022-02-25,2022,2,25,0,0
5863,2023-07-22,2023,7,22,1,0
5864,2023-08-02,2023,8,2,0,0
5865,2023-02-03,2023,2,3,0,0
5866,2021-05-12,2021,5,12,0,0
5867,2021-06-25,2021,6,25,0,0
5868,2023-11-12,2023,11,12,1,0
5869,2023-11-24,2023,11,24,0,0
5870,2023-11-29,2023,11,29,0,0
5871,2023-11-09,2023,11,9,0,0
5872,2023-12-16,2023,12,16,1,0
5873,2023-08-29,2023,8,29,0,0
5874,2023-09-02,2023,9,2,1,0
5875,2023-09-14,2023,9,14,0,0
5876,2023-09-23,2023,9,23,1,0
5877,2023-10-08,2023,10,8,1,0
5878,2023-10-10,2023,10,10,0,0
5879,2021-07-21,2021,7,21,0,0
5880,2021-08-01,2021,8,1,1,0
5881,2021-08-10,2021,8,10,0,0
5882,2021-08-19,2021,8,19,0,0
5883,2021-08-21,2021,8,21,1,0
5884,2021-09-22,2021,9,22,0,0
5885,2022-03-02,2022,3,2,0,0
5886,2022-03-26,2022,3,26,1,0
5887,2022-04-01,2022,4,1,0,0
5888,2022-04-27,2022,4,27,0,0
5889,2022-05-13,2022,5,13,0,0
5890,2022-05-25,2022,5,25,0,0
5891,2022-05-27,2022,5,27,0,0
5892,2022-05-30,2022,5,30,0,0
5893,2022-06-05,2022,6,5,1,0
5894,2022-06-17,2022,6,17,0,0
5895,2022-06-21,2022,6,21,0,0
5896,2022-06-25,2022,6,25,1,0
5897,2022-06-28,2022,6,28,0,0
5898,2024-02-24,2024,2,24,1,0
5899,2024-03-12,2024,3,12,0,0
5900,2024-03-21,2024,3,21,0,0
5901,2024-04-11,2024,4,11,0,0
5902,2024-05-10,2024,5,10,0,0
5903,2024-05-12,2024,5,12,1,0
5904,2024-05-18,2024,5,18,1,0
5905,2024-05-24,2024,5,24,0,0
5906,2024-05-28,2024,5,28,0,0
5907,2024-06-07,2024,6,7,0,0
5908,2021-01-26,2021,1,26,0,0
5909,2023-06-14,2023,6,14,0,0
5910,2023-06-16,2023,6,16,0,0
5911,2023-06-23,2023,6,23,0,0
5912,2023-06-29,2023,6,29,0,0
5913,2021-03-30,2021,3,30,0,0
5914,2021-04-05,2021,4,5,0,0
5915,2022-07-29,2022,7,29,0,0
5916,2022-07-30,2022,7,30,1,0
5917,2022-08-13,2022,8,13,1,0
5918,2022-08-21,2022,8,21,1,0
5919,2022-10-29,2022,10,29,1,0
5920,2022-11-24,2022,11,24,0,0
5921,2023-07-21,2023,7,21,0,0
6241,2024-12-08,2024,12,8,1,1
6242,2024-12-01,2024,12,1,1,0
6243,2024-11-29,2024,11,29,0,0
6244,2024-12-14,2024,12,14,1,0
6245,2024-12-03,2024,12,3,0,0
6246,2024-11-25,2024,11,25,0,0
6247,2025-02-24,2025,2,24,0,0
6263,2025-04-15,2025,4,15,0,0
6264,2025-04-11,2025,4,11,0,0
6265,2024-10-18,2024,10,18,0,0
6266,2024-10-14,2024,10,14,0,0
6267,2024-10-01,2024,10,1,0,0
6268,2024-11-21,2024,11,21,0,0
6269,2025-01-15,2025,1,15,0,0
6270,2025-09-01,2025,9,1,0,0
6271,2025-12-03,2025,12,3,0,0
6272,2025-12-28,2025,12,28,1,0
6273,2025-12-20,2025,12,20,1,0
6274,2025-12-19,2025,12,19,0,0
6275,2025-11-16,2025,11,16,1,0
6276,2025-10-28,2025,10,28,0,0
6277,2025-06-11,2025,6,11,0,0
6278,2025-07-20,2025,7,20,1,0
6279,2025-05-25,2025,5,25,1,0
6280,2025-05-19,2025,5,19,0,0
6281,2025-05-18,2025,5,18,1,0
6282,2025-05-06,2025,5,6,0,0
6283,2025-01-18,2025,1,18,1,0
6284,2024-11-04,2024,11,4,0,0
6285,2024-11-03,2024,11,3,1,0
6286,2024-07-15,2024,7,15,0,0
6287,2024-07-14,2024,7,14,1,0
6288,2024-09-13,2024,9,13,0,0
6289,2024-09-02,2024,9,2,0,0
6290,2024-08-30,2024,8,30,0,0
6291,2024-08-20,2024,8,20,0,0
6292,2024-06-18,2024,6,18,0,0
6293,2022-12-17,2022,12,17,1,0
6294,2022-12-28,2022,12,28,0,0
6295,2022-12-31,2022,12,31,1,0
6296,2023-01-05,2023,1,5,0,0
6297,2021-11-12,2021,11,12,0,0
6298,2021-11-18,2021,11,18,0,0
6299,2021-11-27,2021,11,27,1,0
6300,2021-11-28,2021,11,28,1,0
6301,2021-12-04,2021,12,4,1,0
6302,2021-12-10,2021,12,10,0,0
6303,2021-12-27,2021,12,27,0,0
6304,2022-01-24,2022,1,24,0,0
6305,2023-07-30,2023,7,30,1,0
6306,2023-08-20,2023,8,20,1,0
6307,2023-08-26,2023,8,26,1,0
6308,2023-02-21,2023,2,21,0,0
6309,2023-02-24,2023,2,24,0,0
6310,2023-03-11,2023,3,11,1,0
6311,2023-03-22,2023,3,22,0,0
6312,2023-03-24,2023,3,24,0,0
6313,2023-03-28,2023,3,28,0,0
6314,2023-04-01,2023,4,1,1,0
6315,2021-05-07,2021,5,7,0,0
6316,2021-05-09,2021,5,9,1,0
6317,2021-05-24,2021,5,24,0,0
6318,2021-06-28,2021,6,28,0,0
6319,2023-11-16,2023,11,16,0,0
6320,2023-12-18,2023,12,18,0,0
6321,2024-01-16,2024,1,16,0,0
6322,2023-09-08,2023,9,8,0,0
6323,2023-09-09,2023,9,9,1,0
6324,2023-09-11,2023,9,11,0,0
6336,2023-09-25,2023,9,25,0,0
6337,2023-09-27,2023,9,27,0,0
6338,2023-04-27,2023,4,27,0,0
6339,2023-04-29,2023,4,29,1,0
6340,2023-04-30,2023,4,30,1,0
6341,2021-08-12,2021,8,12,0,0
6342,2021-08-25,2021,8,25,0,0
6343,2021-09-06,2021,9,6,0,0
6344,2021-09-10,2021,9,10,0,0
6345,2022-03-09,2022,3,9,0,0
6346,2022-03-18,2022,3,18,0,0
6347,2022-03-27,2022,3,27,1,0
6348,2022-05-01,2022,5,1,1,1
6349,2022-05-12,2022,5,12,0,0
6356,2024-02-02,2024,2,2,0,0
6357,2024-02-13,2024,2,13,0,0
6358,2024-02-21,2024,2,21,0,0
6359,2024-05-11,2024,5,11,1,0
6360,2024-05-14,2024,5,14,0,0
6361,2024-05-15,2024,5,15,0,0
6362,2021-01-02,2021,1,2,1,0
6363,2021-01-09,2021,1,9,1,0
6364,2021-02-20,2021,2,20,1,0
6365,2021-03-16,2021,3,16,0,0
6366,2023-05-12,2023,5,12,0,0
6367,2023-05-15,2023,5,15,0,0
6368,2023-05-18,2023,5,18,0,0
6369,2023-05-20,2023,5,20,1,0
6370,2023-05-23,2023,5,23,0,0
6371,2023-06-20,2023,6,20,0,0
6372,2023-06-28,2023,6,28,0,0
6373,2021-04-13,2021,4,13,0,0
6374,2022-08-06,2022,8,6,1,0
6375,2022-08-26,2022,8,26,0,0
6376,2022-09-06,2022,9,6,0,0
6377,2022-09-10,2022,9,10,1,0
6378,2022-09-16,2022,9,16,0,0
6379,2022-10-02,2022,10,2,1,0
6380,2022-10-14,2022,10,14,0,0
6381,2022-10-18,2022,10,18,0,0
6382,2022-11-07,2022,11,7,0,0
6383,2022-11-23,2022,11,23,0,0
6034,2024-12-06,2024,12,6,0,0
6035,2024-12-17,2024,12,17,0,0
6036,2025-01-10,2025,1,10,0,0
6037,2024-12-30,2024,12,30,0,0
6038,2025-07-12,2025,7,12,1,0
6039,2024-09-27,2024,9,27,0,0
6040,2024-09-23,2024,9,23,0,0
6041,2025-08-30,2025,8,30,1,0
6042,2025-10-16,2025,10,16,0,0
6043,2025-10-02,2025,10,2,0,0
6044,2025-09-18,2025,9,18,0,0
6045,2025-12-07,2025,12,7,1,0
6046,2025-11-28,2025,11,28,0,0
6047,2025-12-24,2025,12,24,0,0
6048,2025-11-03,2025,11,3,0,0
6049,2025-10-31,2025,10,31,0,0
6050,2025-10-30,2025,10,30,0,0
6051,2025-08-16,2025,8,16,1,0
6052,2025-08-11,2025,8,11,0,0
6053,2025-06-18,2025,6,18,0,0
6054,2025-04-07,2025,4,7,0,0
6055,2025-04-05,2025,4,5,1,0
6056,2025-03-27,2025,3,27,0,0
6057,2025-03-22,2025,3,22,1,0
6058,2025-07-16,2025,7,16,0,0
6059,2025-05-21,2025,5,21,0,0
6060,2025-05-17,2025,5,17,1,0
6061,2025-05-16,2025,5,16,0,0
6062,2025-01-20,2025,1,20,0,0
6063,2024-10-22,2024,10,22,0,0
6064,2024-08-16,2024,8,16,0,0
6065,2024-08-12,2024,8,12,0,0
6066,2024-07-20,2024,7,20,1,0
6067,2024-07-12,2024,7,12,0,0
6068,2024-07-07,2024,7,7,1,0
6069,2024-09-08,2024,9,8,1,0
6070,2024-08-24,2024,8,24,1,0
6071,2024-06-25,2024,6,25,0,0
6072,2024-06-08,2024,6,8,1,0
6073,2024-10-08,2024,10,8,0,0
6074,2024-10-06,2024,10,6,1,0
6075,2022-12-13,2022,12,13,0,0
6076,2023-01-02,2023,1,2,0,0
6077,2021-10-21,2021,10,21,0,0
6078,2021-10-13,2021,10,13,0,0
6079,2021-11-20,2021,11,20,1,0
6080,2021-11-22,2021,11,22,0,0
6081,2021-11-26,2021,11,26,0,0
6082,2021-12-08,2021,12,8,0,1
6083,2021-12-15,2021,12,15,0,0
6084,2021-12-17,2021,12,17,0,0
6085,2021-12-21,2021,12,21,0,0
6086,2022-01-02,2022,1,2,1,0
6087,2022-01-15,2022,1,15,1,0
6088,2022-01-26,2022,1,26,0,0
6089,2022-02-02,2022,2,2,0,0
6090,2023-07-25,2023,7,25,0,0
6091,2023-08-03,2023,8,3,0,0
6092,2023-08-25,2023,8,25,0,0
6093,2023-02-01,2023,2,1,0,0
6094,2023-02-06,2023,2,6,0,0
6095,2023-02-09,2023,2,9,0,0
6096,2023-03-14,2023,3,14,0,0
6097,2023-03-31,2023,3,31,0,0
6098,2021-05-31,2021,5,31,0,0
6099,2021-05-27,2021,5,27,0,0
6100,2021-06-02,2021,6,2,0,1
6101,2021-06-11,2021,6,11,0,0
6102,2023-12-23,2023,12,23,1,0
6103,2023-12-26,2023,12,26,0,1
6104,2023-12-27,2023,12,27,0,0
6105,2024-01-03,2024,1,3,0,0
6106,2023-10-04,2023,10,4,0,0
6107,2023-04-25,2023,4,25,0,1
6108,2023-01-10,2023,1,10,0,0
6109,2023-01-12,2023,1,12,0,0
6110,2023-01-22,2023,1,22,1,0
6111,2021-07-09,2021,7,9,0,0
6112,2021-07-12,2021,7,12,0,0
6113,2021-08-07,2021,8,7,1,0
6114,2021-08-15,2021,8,15,1,1
6115,2021-08-20,2021,8,20,0,0
6116,2021-08-31,2021,8,31,0,0
6117,2021-09-09,2021,9,9,0,0
6118,2021-09-30,2021,9,30,0,0
6119,2022-03-30,2022,3,30,0,0
6120,2022-04-08,2022,4,8,0,0
6121,2022-04-14,2022,4,14,0,0
6122,2022-04-20,2022,4,20,0,0
6123,2022-04-21,2022,4,21,0,0
6124,2022-04-22,2022,4,22,0,0
6125,2022-05-15,2022,5,15,1,0
6126,2022-06-08,2022,6,8,0,0
6127,2022-06-16,2022,6,16,0,0
6128,2022-06-20,2022,6,20,0,0
6129,2024-02-01,2024,2,1,0,0
6130,2024-02-09,2024,2,9,0,0
6131,2024-02-10,2024,2,10,1,0
6132,2024-02-12,2024,2,12,0,0
6133,2024-02-27,2024,2,27,0,0
6134,2024-03-05,2024,3,5,0,0
6135,2024-04-07,2024,4,7,1,0
6136,2024-04-21,2024,4,21,1,0
6137,2024-04-25,2024,4,25,0,1
6138,2024-04-27,2024,4,27,1,0
6139,2024-05-16,2024,5,16,0,0
6140,2024-05-31,2024,5,31,0,0
6141,2024-06-06,2024,6,6,0,0
6142,2021-01-13,2021,1,13,0,0
6143,2021-01-30,2021,1,30,1,0
6144,2021-03-15,2021,3,15,0,0
6145,2023-05-02,2023,5,2,0,0
6146,2023-05-13,2023,5,13,1,0
6147,2023-05-17,2023,5,17,0,0
6148,2023-05-22,2023,5,22,0,0
6149,2023-06-01,2023,6,1,0,0
6150,2022-06-30,2022,6,30,0,0
6151,2022-07-16,2022,7,16,1,0
6152,2022-08-31,2022,8,31,0,0
6153,2022-09-08,2022,9,8,0,0
6154,2022-09-15,2022,9,15,0,0
6155,2022-10-23,2022,10,23,1,0
6156,2022-11-20,2022,11,20,1,0
6157,2022-11-27,2022,11,27,1,0
6158,2023-07-04,2023,7,4,0,0
6159,2023-07-07,2023,7,7,0,0
6160,2023-07-10,2023,7,10,0,0
6161,2023-07-11,2023,7,11,0,0
6162,2023-07-19,2023,7,19,0,0
6163,2023-07-20,2023,7,20,0,0
7090,2024-12-13,2024,12,13,0,0
7091,2024-12-12,2024,12,12,0,0
7092,2025-01-11,2025,1,11,1,0
7093,2025-07-08,2025,7,8,0,0
7094,2025-07-07,2025,7,7,0,0
7095,2025-07-05,2025,7,5,1,0
7096,2025-03-03,2025,3,3,0,0
7097,2025-03-01,2025,3,1,1,0
7098,2025-02-28,2025,2,28,0,0
7099,2025-01-16,2025,1,16,0,0
7100,2025-09-09,2025,9,9,0,0
7101,2025-08-27,2025,8,27,0,0
7102,2025-09-27,2025,9,27,1,0
7103,2025-09-25,2025,9,25,0,0
7104,2025-09-21,2025,9,21,1,0
7105,2025-12-04,2025,12,4,0,0
7106,2025-12-01,2025,12,1,0,0
7107,2025-11-21,2025,11,21,0,0
7108,2025-11-19,2025,11,19,0,0
7109,2025-12-15,2025,12,15,0,0
7110,2025-11-10,2025,11,10,0,0
7111,2025-08-18,2025,8,18,0,0
7112,2025-06-10,2025,6,10,0,0
7113,2025-06-08,2025,6,8,1,0
7114,2025-06-07,2025,6,7,1,0
7115,2025-06-06,2025,6,6,0,0
7116,2025-06-02,2025,6,2,0,1
7117,2025-06-01,2025,6,1,1,0
7118,2025-04-03,2025,4,3,0,0
7119,2025-03-26,2025,3,26,0,0
7120,2025-03-16,2025,3,16,1,0
7121,2025-07-28,2025,7,28,0,0
7122,2025-07-25,2025,7,25,0,0
7123,2025-02-13,2025,2,13,0,0
7124,2024-10-31,2024,10,31,0,0
7125,2024-10-30,2024,10,30,0,0
7126,2024-10-17,2024,10,17,0,0
7127,2024-07-22,2024,7,22,0,0
7128,2024-07-09,2024,7,9,0,0
7129,2024-09-18,2024,9,18,0,0
7130,2024-09-09,2024,9,9,0,0
7131,2024-08-29,2024,8,29,0,0
7132,2024-08-28,2024,8,28,0,0
7133,2024-08-23,2024,8,23,0,0
7134,2024-06-19,2024,6,19,0,0
7135,2022-12-30,2022,12,30,0,0
7136,2021-10-19,2021,10,19,0,0
7137,2021-10-01,2021,10,1,0,0
7138,2021-10-05,2021,10,5,0,0
7139,2021-10-09,2021,10,9,1,0
7140,2021-10-11,2021,10,11,0,0
7141,2021-10-15,2021,10,15,0,0
7142,2021-11-21,2021,11,21,1,0
7143,2022-01-04,2022,1,4,0,0
7144,2022-01-29,2022,1,29,1,0
7145,2022-02-13,2022,2,13,1,0
7146,2022-02-27,2022,2,27,1,0
7147,2023-02-13,2023,2,13,0,0
7148,2023-03-02,2023,3,2,0,0
7149,2023-03-21,2023,3,21,0,0
7150,2023-03-30,2023,3,30,0,0
7151,2021-05-10,2021,5,10,0,0
7152,2021-05-21,2021,5,21,0,0
7153,2021-06-10,2021,6,10,0,0
7154,2021-06-20,2021,6,20,1,0
7155,2021-06-30,2021,6,30,0,0
7156,2023-11-26,2023,11,26,1,0
7157,2023-12-08,2023,12,8,0,1
7158,2024-01-08,2024,1,8,0,0
7159,2024-01-22,2024,1,22,0,0
7160,2023-08-30,2023,8,30,0,0
7161,2023-10-05,2023,10,5,0,0
7162,2023-01-21,2023,1,21,1,0
7163,2021-07-07,2021,7,7,0,0
7164,2021-08-16,2021,8,16,0,0
7165,2021-08-18,2021,8,18,0,0
7166,2021-08-23,2021,8,23,0,0
7167,2021-08-27,2021,8,27,0,0
7168,2021-09-11,2021,9,11,1,0
7169,2021-09-24,2021,9,24,0,0
7170,2022-03-14,2022,3,14,0,0
7171,2022-03-22,2022,3,22,0,0
7172,2022-04-24,2022,4,24,1,0
7173,2022-05-04,2022,5,4,0,0
7174,2022-05-29,2022,5,29,1,0
7175,2022-06-06,2022,6,6,0,0
7176,2022-06-13,2022,6,13,0,0
7177,2022-06-26,2022,6,26,1,0
7178,2024-02-07,2024,2,7,0,0
7179,2024-02-19,2024,2,19,0,0
7180,2024-02-25,2024,2,25,1,0
7181,2024-03-16,2024,3,16,1,0
7182,2024-04-17,2024,4,17,0,0
7183,2024-04-24,2024,4,24,0,0
7184,2021-01-07,2021,1,7,0,0
7185,2021-01-12,2021,1,12,0,0
7186,2021-01-23,2021,1,23,1,0
7187,2021-01-25,2021,1,25,0,0
7188,2021-02-28,2021,2,28,1,0
7189,2021-03-29,2021,3,29,0,0
7190,2021-04-07,2021,4,7,0,0
7191,2021-04-20,2021,4,20,0,0
7192,2021-04-29,2021,4,29,0,0
7193,2022-07-08,2022,7,8,0,0
7194,2022-07-10,2022,7,10,1,0
7195,2022-07-14,2022,7,14,0,0
7196,2022-08-09,2022,8,9,0,0
7197,2022-08-20,2022,8,20,1,0
7198,2022-09-07,2022,9,7,0,0
7199,2022-09-22,2022,9,22,0,0
7200,2022-11-08,2022,11,8,0,0
7201,2022-11-28,2022,11,28,0,0
7202,2023-07-09,2023,7,9,1,0
6860,2024-11-30,2024,11,30,1,0
6861,2025-01-02,2025,1,2,0,0
6862,2025-01-01,2025,1,1,0,1
6863,2025-06-28,2025,6,28,1,0
6864,2025-03-09,2025,3,9,1,0
6865,2025-03-05,2025,3,5,0,0
6866,2025-02-22,2025,2,22,1,0
6867,2025-04-24,2025,4,24,0,0
6868,2024-10-16,2024,10,16,0,0
6869,2024-11-10,2024,11,10,1,0
6870,2025-05-03,2025,5,3,1,0
6871,2025-09-11,2025,9,11,0,0
6872,2025-09-08,2025,9,8,0,0
6873,2025-09-07,2025,9,7,1,0
6874,2025-09-02,2025,9,2,0,0
6875,2025-08-25,2025,8,25,0,0
6876,2025-10-24,2025,10,24,0,0
6877,2025-10-21,2025,10,21,0,0
6878,2025-10-17,2025,10,17,0,0
6879,2025-10-01,2025,10,1,0,0
6880,2025-12-02,2025,12,2,0,0
6881,2025-08-23,2025,8,23,1,0
6882,2025-08-15,2025,8,15,0,1
6883,2025-08-03,2025,8,3,1,0
6884,2025-06-03,2025,6,3,0,0
6885,2025-05-31,2025,5,31,1,0
6886,2025-03-30,2025,3,30,1,0
6887,2025-03-25,2025,3,25,0,0
6888,2025-07-29,2025,7,29,0,0
6889,2025-07-24,2025,7,24,0,0
6890,2025-07-17,2025,7,17,0,0
6891,2025-05-27,2025,5,27,0,0
6892,2025-05-22,2025,5,22,0,0
6893,2025-05-13,2025,5,13,0,0
6894,2025-02-11,2025,2,11,0,0
6895,2025-02-09,2025,2,9,1,0
6896,2025-02-03,2025,2,3,0,0
6897,2025-01-31,2025,1,31,0,0
6898,2024-10-24,2024,10,24,0,0
6899,2024-07-26,2024,7,26,0,0
6900,2024-07-25,2024,7,25,0,0
6901,2024-09-05,2024,9,5,0,0
6902,2024-09-01,2024,9,1,1,0
6903,2024-07-01,2024,7,1,0,0
6904,2024-06-27,2024,6,27,0,0
6905,2024-06-11,2024,6,11,0,0
6906,2022-12-24,2022,12,24,1,0
6907,2022-12-02,2022,12,2,0,0
6908,2023-01-03,2023,1,3,0,0
6909,2021-10-17,2021,10,17,1,0
6910,2021-11-08,2021,11,8,0,0
6911,2021-11-11,2021,11,11,0,0
6912,2022-01-08,2022,1,8,1,0
6913,2022-01-30,2022,1,30,1,0
6914,2022-02-28,2022,2,28,0,0
6915,2023-07-26,2023,7,26,0,0
6916,2023-07-31,2023,7,31,0,0
6917,2023-08-21,2023,8,21,0,0
6918,2023-08-22,2023,8,22,0,0
6919,2023-02-23,2023,2,23,0,0
6920,2023-02-26,2023,2,26,1,0
6921,2023-03-03,2023,3,3,0,0
6922,2023-03-09,2023,3,9,0,0
6923,2023-03-16,2023,3,16,0,0
6924,2023-03-17,2023,3,17,0,0
6925,2023-04-02,2023,4,2,1,0
6926,2023-04-04,2023,4,4,0,0
6927,2023-04-07,2023,4,7,0,0
6928,2023-04-13,2023,4,13,0,0
6929,2021-05-04,2021,5,4,0,0
6930,2021-05-05,2021,5,5,0,0
6931,2021-05-22,2021,5,22,1,0
6932,2021-06-03,2021,6,3,0,0
6933,2021-06-24,2021,6,24,0,0
6934,2023-11-21,2023,11,21,0,0
6935,2023-12-13,2023,12,13,0,0
6936,2024-01-30,2024,1,30,0,0
6937,2023-09-26,2023,9,26,0,0
6938,2023-09-30,2023,9,30,1,0
6939,2023-10-09,2023,10,9,0,0
6940,2023-01-29,2023,1,29,1,0
6941,2021-07-14,2021,7,14,0,0
6942,2021-07-23,2021,7,23,0,0
6943,2021-07-29,2021,7,29,0,0
6944,2021-09-05,2021,9,5,1,0
6945,2021-09-16,2021,9,16,0,0
6946,2021-09-19,2021,9,19,1,0
6947,2022-03-05,2022,3,5,1,0
6948,2022-03-06,2022,3,6,1,0
6949,2022-03-08,2022,3,8,0,0
6950,2022-03-20,2022,3,20,1,0
6951,2022-04-23,2022,4,23,1,0
6952,2022-05-19,2022,5,19,0,0
6953,2022-05-24,2022,5,24,0,0
6954,2022-05-26,2022,5,26,0,0
6955,2022-05-28,2022,5,28,1,0
6956,2022-06-02,2022,6,2,0,1
6957,2024-02-03,2024,2,3,1,0
6958,2024-02-23,2024,2,23,0,0
6959,2024-03-04,2024,3,4,0,0
6960,2024-03-14,2024,3,14,0,0
6961,2024-04-12,2024,4,12,0,0
6962,2024-05-03,2024,5,3,0,0
6963,2024-05-05,2024,5,5,1,0
6964,2024-05-23,2024,5,23,0,0
6965,2021-01-06,2021,1,6,0,1
6966,2021-01-17,2021,1,17,1,0
6967,2021-02-05,2021,2,5,0,0
6968,2021-02-09,2021,2,9,0,0
6969,2021-03-10,2021,3,10,0,0
6970,2021-03-12,2021,3,12,0,0
6971,2023-05-07,2023,5,7,1,0
6972,2023-05-24,2023,5,24,0,0
6973,2023-06-05,2023,6,5,0,0
6974,2023-06-07,2023,6,7,0,0
6975,2023-06-18,2023,6,18,1,0
6976,2021-04-08,2021,4,8,0,0
6977,2021-04-22,2021,4,22,0,0
6978,2022-07-03,2022,7,3,1,0
6979,2022-08-01,2022,8,1,0,0
6980,2022-08-27,2022,8,27,1,0
6981,2022-09-26,2022,9,26,0,0
6982,2022-10-04,2022,10,4,0,0
6983,2022-10-05,2022,10,5,0,0
6984,2022-10-17,2022,10,17,0,0
6985,2022-11-17,2022,11,17,0,0
6986,2023-07-06,2023,7,6,0,0
5698,2024-12-16,2024,12,16,0,0
5699,2024-12-29,2024,12,29,1,0
5700,2024-12-24,2024,12,24,0,0
5701,2024-12-23,2024,12,23,0,0
5702,2025-06-27,2025,6,27,0,0
5703,2025-04-29,2025,4,29,0,0
5704,2025-04-21,2025,4,21,0,0
5705,2024-10-15,2024,10,15,0,0
5706,2024-09-29,2024,9,29,1,0
5707,2024-11-16,2024,11,16,1,0
5708,2025-06-21,2025,6,21,1,0
5709,2025-09-10,2025,9,10,0,0
5710,2025-09-05,2025,9,5,0,0
5711,2025-10-26,2025,10,26,1,0
5712,2025-10-19,2025,10,19,1,0
5713,2025-09-24,2025,9,24,0,0
5714,2025-11-27,2025,11,27,0,0
5715,2025-12-17,2025,12,17,0,0
5716,2025-11-08,2025,11,8,1,0
5717,2025-11-06,2025,11,6,0,0
5718,2025-08-10,2025,8,10,1,0
5719,2025-08-07,2025,8,7,0,0
5720,2025-07-14,2025,7,14,0,0
5721,2025-05-23,2025,5,23,0,0
5722,2025-05-10,2025,5,10,1,0
5723,2025-01-26,2025,1,26,1,0
5724,2025-01-23,2025,1,23,0,0
5725,2024-08-01,2024,8,1,0,0
5726,2024-09-14,2024,9,14,1,0
5727,2024-08-26,2024,8,26,0,0
5728,2024-08-17,2024,8,17,1,0
5729,2024-06-28,2024,6,28,0,0
5730,2024-06-13,2024,6,13,0,0
5731,2024-06-12,2024,6,12,0,0
5732,2024-10-10,2024,10,10,0,0
5733,2024-10-03,2024,10,3,0,0
5734,2022-12-05,2022,12,5,0,0
5735,2022-12-18,2022,12,18,1,0
5736,2023-01-06,2023,1,6,0,1
5737,2021-11-03,2021,11,3,0,0
5738,2021-11-19,2021,11,19,0,0
5739,2021-12-07,2021,12,7,0,0
5740,2022-01-14,2022,1,14,0,0
5741,2022-02-12,2022,2,12,1,0
5742,2022-02-15,2022,2,15,0,0
5743,2023-08-13,2023,8,13,1,0
5744,2023-03-20,2023,3,20,0,0
5745,2023-03-23,2023,3,23,0,0
5746,2021-05-28,2021,5,28,0,0
5747,2021-05-06,2021,5,6,0,0
5748,2021-05-20,2021,5,20,0,0
5749,2021-06-21,2021,6,21,0,0
5750,2021-06-22,2021,6,22,0,0
5751,2021-06-26,2021,6,26,1,0
5752,2023-11-20,2023,11,20,0,0
5753,2023-11-25,2023,11,25,1,0
5754,2023-11-03,2023,11,3,0,0
5755,2023-11-04,2023,11,4,1,0
5756,2023-12-01,2023,12,1,0,0
5757,2023-12-22,2023,12,22,0,0
5758,2024-01-06,2024,1,6,1,1
5759,2024-01-17,2024,1,17,0,0
5760,2024-01-25,2024,1,25,0,0
5761,2024-01-29,2024,1,29,0,0
5762,2023-09-05,2023,9,5,0,0
5763,2023-09-18,2023,9,18,0,0
5764,2023-10-29,2023,10,29,1,0
5765,2023-04-26,2023,4,26,0,0
5766,2023-01-27,2023,1,27,0,0
5767,2021-08-13,2021,8,13,0,0
5768,2021-09-18,2021,9,18,1,0
5769,2021-09-29,2021,9,29,0,0
5770,2022-03-12,2022,3,12,1,0
5771,2022-04-12,2022,4,12,0,0
5772,2022-04-17,2022,4,17,1,0
5773,2022-04-26,2022,4,26,0,0
5774,2022-05-03,2022,5,3,0,0
5775,2022-05-11,2022,5,11,0,0
5776,2022-05-17,2022,5,17,0,0
5777,2022-06-14,2022,6,14,0,0
5778,2022-06-15,2022,6,15,0,0
5779,2024-02-05,2024,2,5,0,0
5780,2024-03-03,2024,3,3,1,0
5781,2024-03-07,2024,3,7,0,0
5782,2024-04-01,2024,4,1,0,0
5783,2024-04-28,2024,4,28,1,0
5784,2024-05-02,2024,5,2,0,0
5785,2021-01-16,2021,1,16,1,0
5786,2021-01-31,2021,1,31,1,0
5787,2021-02-02,2021,2,2,0,0
5788,2021-02-04,2021,2,4,0,0
5789,2021-02-15,2021,2,15,0,0
5790,2021-02-23,2021,2,23,0,0
5791,2021-03-07,2021,3,7,1,0
5792,2021-03-22,2021,3,22,0,0
5793,2023-05-03,2023,5,3,0,0
5794,2023-05-28,2023,5,28,1,0
5795,2023-06-02,2023,6,2,0,1
5796,2023-06-03,2023,6,3,1,0
5797,2023-06-04,2023,6,4,1,0
5798,2023-06-12,2023,6,12,0,0
5799,2023-06-25,2023,6,25,1,0
5800,2021-03-31,2021,3,31,0,0
5801,2021-04-18,2021,4,18,1,0
5802,2021-04-23,2021,4,23,0,0
5803,2022-07-23,2022,7,23,1,0
5804,2022-07-31,2022,7,31,1,0
5805,2022-09-25,2022,9,25,1,0
5806,2022-10-16,2022,10,16,1,0
5807,2022-10-30,2022,10,30,1,0
5808,2022-11-14,2022,11,14,0,0
6745,2024-12-09,2024,12,9,0,0
6746,2024-12-26,2024,12,26,0,1
6747,2024-12-25,2024,12,25,0,1
6748,2025-07-10,2025,7,10,0,0
6749,2025-07-04,2025,7,4,0,0
6750,2025-04-20,2025,4,20,1,0
6751,2025-04-13,2025,4,13,1,0
6752,2024-09-26,2024,9,26,0,0
6753,2025-05-04,2025,5,4,1,0
6754,2025-04-30,2025,4,30,0,0
6755,2025-09-15,2025,9,15,0,0
6756,2025-10-20,2025,10,20,0,0
6757,2025-10-14,2025,10,14,0,0
6758,2025-10-10,2025,10,10,0,0
6759,2025-10-09,2025,10,9,0,0
6760,2025-12-13,2025,12,13,1,0
6761,2025-11-11,2025,11,11,0,0
6762,2025-11-07,2025,11,7,0,0
6763,2025-06-12,2025,6,12,0,0
6764,2025-03-17,2025,3,17,0,0
6765,2025-02-06,2025,2,6,0,0
6766,2025-01-30,2025,1,30,0,0
6767,2024-11-09,2024,11,9,1,0
6768,2024-10-29,2024,10,29,0,0
6769,2024-07-27,2024,7,27,1,0
6770,2024-07-17,2024,7,17,0,0
6771,2024-07-08,2024,7,8,0,0
6772,2024-09-19,2024,9,19,0,0
6773,2024-09-11,2024,9,11,0,0
6774,2024-10-04,2024,10,4,0,0
6775,2022-12-22,2022,12,22,0,0
6776,2021-11-30,2021,11,30,0,0
6777,2021-12-02,2021,12,2,0,0
6778,2021-12-29,2021,12,29,0,0
6779,2021-12-30,2021,12,30,0,0
6780,2022-01-18,2022,1,18,0,0
6781,2022-01-20,2022,1,20,0,0
6782,2022-02-03,2022,2,3,0,0
6783,2022-02-04,2022,2,4,0,0
6784,2022-02-26,2022,2,26,1,0
6785,2023-08-05,2023,8,5,1,0
6786,2023-08-24,2023,8,24,0,0
6787,2023-02-17,2023,2,17,0,0
6788,2023-02-20,2023,2,20,0,0
6789,2023-04-08,2023,4,8,1,0
6790,2024-10-09,2024,10,9,0,0
6791,2021-06-01,2021,6,1,0,0
6792,2021-06-09,2021,6,9,0,0
6793,2023-11-22,2023,11,22,0,0
6794,2023-11-28,2023,11,28,0,0
6795,2023-12-12,2023,12,12,0,0
6796,2023-12-14,2023,12,14,0,0
6797,2023-12-20,2023,12,20,0,0
6798,2023-12-25,2023,12,25,0,1
6799,2024-01-05,2024,1,5,0,0
6800,2025-01-19,2025,1,19,1,0
6801,2023-09-29,2023,9,29,0,0
6802,2023-10-11,2023,10,11,0,0
6803,2023-10-15,2023,10,15,1,0
6804,2023-10-20,2023,10,20,0,0
6805,2023-10-21,2023,10,21,1,0
6806,2023-10-22,2023,10,22,1,0
6807,2023-10-25,2023,10,25,0,0
6808,2023-04-28,2023,4,28,0,0
6809,2023-01-17,2023,1,17,0,0
6810,2023-01-26,2023,1,26,0,0
6811,2021-07-15,2021,7,15,0,0
6812,2021-07-26,2021,7,26,0,0
6813,2021-07-27,2021,7,27,0,0
6814,2021-08-03,2021,8,3,0,0
6815,2021-08-06,2021,8,6,0,0
6816,2021-08-08,2021,8,8,1,0
6817,2021-08-26,2021,8,26,0,0
6818,2021-08-29,2021,8,29,1,0
6819,2021-09-23,2021,9,23,0,0
6820,2021-09-25,2021,9,25,1,0
6821,2022-04-04,2022,4,4,0,0
6822,2022-04-28,2022,4,28,0,0
6823,2022-05-07,2022,5,7,1,0
6824,2022-05-10,2022,5,10,0,0
6825,2022-05-16,2022,5,16,0,0
6826,2022-05-21,2022,5,21,1,0
6827,2022-06-04,2022,6,4,1,0
6828,2022-06-18,2022,6,18,1,0
6829,2022-06-27,2022,6,27,0,0
6830,2024-03-20,2024,3,20,0,0
6831,2024-03-24,2024,3,24,1,0
6832,2024-03-29,2024,3,29,0,0
6833,2024-03-31,2024,3,31,1,0
6834,2024-04-04,2024,4,4,0,0
6835,2024-04-16,2024,4,16,0,0
6836,2024-05-09,2024,5,9,0,0
6837,2024-05-13,2024,5,13,0,0
6838,2024-05-27,2024,5,27,0,0
6839,2024-05-30,2024,5,30,0,0
6840,2021-01-15,2021,1,15,0,0
6841,2021-02-08,2021,2,8,0,0
6842,2023-05-05,2023,5,5,0,0
6843,2023-06-15,2023,6,15,0,0
6844,2021-04-02,2021,4,2,0,0
6845,2021-04-12,2021,4,12,0,0
6846,2021-04-21,2021,4,21,0,0
6847,2021-04-26,2021,4,26,0,0
6848,2022-08-17,2022,8,17,0,0
6849,2022-08-25,2022,8,25,0,0
6850,2022-08-29,2022,8,29,0,0
6851,2022-09-23,2022,9,23,0,0
6852,2022-09-24,2022,9,24,1,0
6853,2022-10-21,2022,10,21,0,0
6854,2022-10-25,2022,10,25,0,0
6855,2022-10-28,2022,10,28,0,0
6856,2022-10-31,2022,10,31,0,0
6857,2022-11-19,2022,11,19,1,0
6858,2023-07-14,2023,7,14,0,0
6859,2023-07-16,2023,7,16,1,0
6987,2024-12-02,2024,12,2,0,0
6988,2025-06-25,2025,6,25,0,0
6989,2025-03-06,2025,3,6,0,0
6990,2025-02-26,2025,2,26,0,0
6991,2025-02-19,2025,2,19,0,0
6992,2025-04-12,2025,4,12,1,0
6993,2025-10-25,2025,10,25,1,0
6994,2025-12-06,2025,12,6,1,0
6995,2025-11-29,2025,11,29,1,0
6996,2025-11-18,2025,11,18,0,0
6997,2025-11-05,2025,11,5,0,0
6998,2025-08-02,2025,8,2,1,0
6999,2025-06-05,2025,6,5,0,0
7000,2025-04-04,2025,4,4,0,0
7001,2025-03-29,2025,3,29,1,0
7002,2025-03-28,2025,3,28,0,0
7003,2025-03-20,2025,3,20,0,0
7004,2025-08-01,2025,8,1,0,0
7005,2025-02-12,2025,2,12,0,0
7006,2024-11-06,2024,11,6,0,0
7007,2024-08-13,2024,8,13,0,0
7008,2024-08-07,2024,8,7,0,0
7009,2024-07-19,2024,7,19,0,0
7010,2024-06-16,2024,6,16,1,0
7011,2024-06-09,2024,6,9,1,0
7012,2022-12-03,2022,12,3,1,0
7013,2022-12-04,2022,12,4,1,0
7014,2022-12-29,2022,12,29,0,0
7015,2021-11-09,2021,11,9,0,0
7016,2021-12-16,2021,12,16,0,0
7017,2021-12-24,2021,12,24,0,0
7018,2022-01-12,2022,1,12,0,0
7019,2022-02-06,2022,2,6,1,0
7020,2022-02-24,2022,2,24,0,0
7021,2023-08-08,2023,8,8,0,0
7022,2023-02-10,2023,2,10,0,0
7023,2023-02-11,2023,2,11,1,0
7024,2023-03-05,2023,3,5,1,0
7025,2023-03-07,2023,3,7,0,0
7026,2023-03-13,2023,3,13,0,0
7027,2023-03-18,2023,3,18,1,0
7028,2023-03-29,2023,3,29,0,0
7029,2023-04-10,2023,4,10,0,0
7030,2023-04-22,2023,4,22,1,0
7031,2021-05-16,2021,5,16,1,0
7032,2021-05-26,2021,5,26,0,0
7033,2021-06-13,2021,6,13,1,0
7034,2023-12-07,2023,12,7,0,0
7035,2023-12-19,2023,12,19,0,0
7036,2023-12-21,2023,12,21,0,0
7037,2023-12-28,2023,12,28,0,0
7038,2024-01-01,2024,1,1,0,1
7039,2024-01-09,2024,1,9,0,0
7040,2023-08-27,2023,8,27,1,0
7041,2023-08-28,2023,8,28,0,0
7042,2023-09-04,2023,9,4,0,0
7043,2023-09-13,2023,9,13,0,0
7044,2023-09-19,2023,9,19,0,0
7045,2023-01-07,2023,1,7,1,0
7046,2023-01-18,2023,1,18,0,0
7047,2021-07-05,2021,7,5,0,0
7048,2021-07-08,2021,7,8,0,0
7049,2021-07-28,2021,7,28,0,0
7050,2021-07-30,2021,7,30,0,0
7051,2021-09-12,2021,9,12,1,0
7052,2022-03-16,2022,3,16,0,0
7053,2022-04-07,2022,4,7,0,0
7054,2022-04-11,2022,4,11,0,0
7055,2022-04-19,2022,4,19,0,0
7056,2022-05-20,2022,5,20,0,0
7057,2022-06-22,2022,6,22,0,0
7058,2022-06-24,2022,6,24,0,0
7059,2023-11-10,2023,11,10,0,0
7060,2024-02-22,2024,2,22,0,0
7061,2024-03-13,2024,3,13,0,0
7062,2024-04-03,2024,4,3,0,0
7063,2024-04-09,2024,4,9,0,0
7064,2024-04-10,2024,4,10,0,0
7065,2024-05-17,2024,5,17,0,0
7066,2024-06-01,2024,6,1,1,0
7067,2021-02-13,2021,2,13,1,0
7068,2021-03-25,2021,3,25,0,0
7069,2021-03-27,2021,3,27,1,0
7070,2023-05-10,2023,5,10,0,0
7071,2023-05-14,2023,5,14,1,0
7072,2023-05-31,2023,5,31,0,0
7073,2023-06-27,2023,6,27,0,0
7074,2021-04-04,2021,4,4,1,0
7075,2021-04-10,2021,4,10,1,0
7076,2021-04-19,2021,4,19,0,0
7077,2021-04-28,2021,4,28,0,0
7078,2022-07-02,2022,7,2,1,0
7079,2022-07-17,2022,7,17,1,0
7080,2022-07-22,2022,7,22,0,0
7081,2022-07-26,2022,7,26,0,0
7082,2022-08-03,2022,8,3,0,0
7083,2022-08-10,2022,8,10,0,0
7084,2022-09-27,2022,9,27,0,0
7085,2022-10-07,2022,10,7,0,0
7086,2022-10-10,2022,10,10,0,0
7087,2022-11-02,2022,11,2,0,0
7088,2022-11-09,2022,11,9,0,0
7089,2022-11-18,2022,11,18,0,0
5922,2024-11-23,2024,11,23,1,0
5923,2024-11-22,2024,11,22,0,0
5924,2024-12-27,2024,12,27,0,0
5925,2025-06-30,2025,6,30,0,0
5926,2025-02-27,2025,2,27,0,0
5927,2025-02-25,2025,2,25,0,0
5928,2025-04-10,2025,4,10,0,0
5929,2024-10-20,2024,10,20,1,0
5930,2024-09-20,2024,9,20,0,0
5931,2024-11-20,2024,11,20,0,0
5932,2024-11-19,2024,11,19,0,0
5933,2024-11-18,2024,11,18,0,0
5934,2025-09-03,2025,9,3,0,0
5935,2025-11-26,2025,11,26,0,0
5936,2025-12-31,2025,12,31,0,0
5937,2025-11-12,2025,11,12,0,0
5938,2025-11-09,2025,11,9,1,0
5939,2025-08-22,2025,8,22,0,0
5940,2025-08-19,2025,8,19,0,0
5941,2025-08-12,2025,8,12,0,0
5942,2025-08-04,2025,8,4,0,0
5943,2025-06-20,2025,6,20,0,0
5944,2025-06-17,2025,6,17,0,0
5945,2025-06-14,2025,6,14,1,0
5946,2025-04-06,2025,4,6,1,0
5947,2025-04-01,2025,4,1,0,0
5948,2025-03-21,2025,3,21,0,0
5949,2025-03-19,2025,3,19,0,0
5950,2025-01-28,2025,1,28,0,0
5951,2025-01-25,2025,1,25,1,0
5952,2025-01-22,2025,1,22,0,0
5953,2024-10-21,2024,10,21,0,0
5954,2024-08-14,2024,8,14,0,0
5955,2024-09-12,2024,9,12,0,0
5956,2024-08-18,2024,8,18,1,0
5957,2024-07-02,2024,7,2,0,0
5958,2024-06-23,2024,6,23,1,0
5959,2024-06-20,2024,6,20,0,0
5960,2023-01-04,2023,1,4,0,0
5961,2021-10-16,2021,10,16,1,0
5962,2021-10-24,2021,10,24,1,0
5963,2021-10-12,2021,10,12,0,0
5964,2021-11-13,2021,11,13,1,0
5965,2021-11-15,2021,11,15,0,0
5966,2021-12-12,2021,12,12,1,0
5967,2021-12-28,2021,12,28,0,0
5968,2022-01-10,2022,1,10,0,0
5969,2022-02-18,2022,2,18,0,0
5970,2022-02-23,2022,2,23,0,0
5971,2023-02-08,2023,2,8,0,0
5972,2023-04-05,2023,4,5,0,0
5973,2021-05-08,2021,5,8,1,0
5974,2021-05-18,2021,5,18,0,0
5975,2021-05-19,2021,5,19,0,0
5976,2021-06-19,2021,6,19,1,0
5977,2023-11-13,2023,11,13,0,0
5978,2023-11-23,2023,11,23,0,0
5979,2023-11-07,2023,11,7,0,0
5980,2023-12-10,2023,12,10,1,0
5981,2023-12-24,2023,12,24,1,0
5982,2023-12-31,2023,12,31,1,0
5983,2023-09-06,2023,9,6,0,0
5984,2023-10-26,2023,10,26,0,0
5985,2023-01-11,2023,1,11,0,0
5986,2023-01-20,2023,1,20,0,0
5987,2021-07-01,2021,7,1,0,0
5988,2021-07-10,2021,7,10,1,0
5989,2021-07-22,2021,7,22,0,0
5990,2021-08-11,2021,8,11,0,0
5991,2021-08-30,2021,8,30,0,0
5992,2021-09-04,2021,9,4,1,0
5993,2021-09-13,2021,9,13,0,0
5994,2022-03-19,2022,3,19,1,0
5995,2022-03-25,2022,3,25,0,0
5996,2022-04-02,2022,4,2,1,0
5997,2022-04-15,2022,4,15,0,0
5998,2022-04-18,2022,4,18,0,0
5999,2022-04-29,2022,4,29,0,0
6000,2022-04-30,2022,4,30,1,0
6001,2022-05-08,2022,5,8,1,0
6002,2022-05-14,2022,5,14,1,0
6003,2022-05-22,2022,5,22,1,0
6004,2022-05-23,2022,5,23,0,0
6005,2022-05-31,2022,5,31,0,0
6006,2024-03-15,2024,3,15,0,0
6007,2024-03-22,2024,3,22,0,0
6008,2024-03-26,2024,3,26,0,0
6009,2024-04-22,2024,4,22,0,0
6010,2021-01-03,2021,1,3,1,0
6011,2021-01-10,2021,1,10,1,0
6012,2021-01-14,2021,1,14,0,0
6013,2021-01-01,2021,1,1,0,1
6014,2021-02-03,2021,2,3,0,0
6015,2021-02-18,2021,2,18,0,0
6016,2021-02-21,2021,2,21,1,0
6017,2021-03-01,2021,3,1,0,0
6018,2021-03-14,2021,3,14,1,0
6019,2021-03-28,2021,3,28,1,0
6020,2023-05-08,2023,5,8,0,0
6021,2021-04-03,2021,4,3,1,0
6022,2022-06-29,2022,6,29,0,0
6023,2022-07-11,2022,7,11,0,0
6024,2022-07-12,2022,7,12,0,0
6025,2022-07-20,2022,7,20,0,0
6026,2022-08-04,2022,8,4,0,0
6027,2022-08-07,2022,8,7,1,0
6028,2022-08-08,2022,8,8,0,0
6029,2022-09-18,2022,9,18,1,0
6030,2022-10-09,2022,10,9,1,0
6031,2022-10-22,2022,10,22,1,0
6032,2022-11-15,2022,11,15,0,0
6033,2023-07-15,2023,7,15,1,0
5479,2024-12-07,2024,12,7,1,0
5480,2024-11-27,2024,11,27,0,0
5481,2024-12-19,2024,12,19,0,0
5482,2024-12-04,2024,12,4,0,0
5483,2025-01-09,2025,1,9,0,0
5484,2024-12-21,2024,12,21,1,0
5485,2025-07-06,2025,7,6,1,0
5486,2025-06-29,2025,6,29,1,0
5487,2025-04-27,2025,4,27,1,0
5488,2025-04-23,2025,4,23,0,0
5489,2025-04-22,2025,4,22,0,0
5490,2024-10-11,2024,10,11,0,0
5491,2024-09-22,2024,9,22,1,0
5492,2025-03-14,2025,3,14,0,0
5493,2025-10-27,2025,10,27,0,0
5494,2025-10-22,2025,10,22,0,0
5495,2025-10-13,2025,10,13,0,0
5496,2025-10-07,2025,10,7,0,0
5497,2025-10-05,2025,10,5,1,0
5498,2025-09-22,2025,9,22,0,0
5499,2025-09-20,2025,9,20,1,0
5500,2025-09-19,2025,9,19,0,0
5501,2025-11-17,2025,11,17,0,0
5502,2025-12-30,2025,12,30,0,0
5503,2025-12-25,2025,12,25,0,1
5504,2025-12-16,2025,12,16,0,0
5519,2025-08-08,2025,8,8,0,0
5520,2025-03-18,2025,3,18,0,0
5521,2025-07-26,2025,7,26,1,0
5522,2025-07-15,2025,7,15,0,0
5523,2025-01-29,2025,1,29,0,0
5524,2024-11-05,2024,11,5,0,0
5525,2024-08-09,2024,8,9,0,0
5526,2024-07-28,2024,7,28,1,0
5527,2024-09-10,2024,9,10,0,0
5528,2024-09-04,2024,9,4,0,0
5529,2024-08-22,2024,8,22,0,0
5530,2024-06-17,2024,6,17,0,0
5531,2022-12-06,2022,12,6,0,0
5532,2022-12-19,2022,12,19,0,0
5533,2022-12-27,2022,12,27,0,0
5534,2021-10-27,2021,10,27,0,0
5535,2021-10-04,2021,10,4,0,0
5536,2021-11-04,2021,11,4,0,0
5537,2021-12-01,2021,12,1,0,0
5538,2021-12-11,2021,12,11,1,0
5539,2021-12-31,2021,12,31,0,0
5540,2022-01-17,2022,1,17,0,0
5541,2022-02-16,2022,2,16,0,0
5542,2022-02-19,2022,2,19,1,0
5543,2023-08-10,2023,8,10,0,0
5544,2023-08-18,2023,8,18,0,0
5545,2023-02-07,2023,2,7,0,0
5546,2023-02-16,2023,2,16,0,0
5547,2021-05-30,2021,5,30,1,0
5548,2021-06-12,2021,6,12,1,0
5549,2023-11-15,2023,11,15,0,0
5550,2023-11-30,2023,11,30,0,0
5551,2023-11-01,2023,11,1,0,1
5552,2023-12-04,2023,12,4,0,0
5553,2023-12-09,2023,12,9,1,0
5554,2023-12-17,2023,12,17,1,0
5555,2024-01-10,2024,1,10,0,0
5556,2024-01-11,2024,1,11,0,0
5557,2024-01-18,2024,1,18,0,0
5558,2024-01-19,2024,1,19,0,0
5559,2024-01-21,2024,1,21,1,0
5560,2023-09-22,2023,9,22,0,0
5561,2023-10-02,2023,10,2,0,0
5562,2023-04-24,2023,4,24,0,0
5563,2023-01-30,2023,1,30,0,0
5564,2021-07-11,2021,7,11,1,0
5565,2021-07-17,2021,7,17,1,0
5566,2021-07-25,2021,7,25,1,0
5567,2021-08-04,2021,8,4,0,0
5568,2021-08-22,2021,8,22,1,0
5569,2021-08-24,2021,8,24,0,0
5570,2021-09-27,2021,9,27,0,0
5571,2022-03-04,2022,3,4,0,0
5572,2022-03-31,2022,3,31,0,0
5573,2022-04-13,2022,4,13,0,0
5574,2022-06-01,2022,6,1,0,0
5575,2022-06-07,2022,6,7,0,0
5576,2022-06-10,2022,6,10,0,0
5577,2022-06-23,2022,6,23,0,0
5578,2024-03-25,2024,3,25,0,0
5579,2024-03-30,2024,3,30,1,0
5580,2024-04-02,2024,4,2,0,0
5581,2024-04-05,2024,4,5,0,0
5582,2024-04-14,2024,4,14,1,0
5583,2024-04-19,2024,4,19,0,0
5584,2024-04-29,2024,4,29,0,0
5585,2021-01-04,2021,1,4,0,0
5586,2021-01-19,2021,1,19,0,0
5587,2021-01-28,2021,1,28,0,0
5588,2021-02-01,2021,2,1,0,0
5589,2021-02-12,2021,2,12,0,0
5590,2021-03-03,2021,3,3,0,0
5591,2021-03-04,2021,3,4,0,0
5592,2021-03-09,2021,3,9,0,0
5593,2021-03-11,2021,3,11,0,0
5594,2021-03-17,2021,3,17,0,0
5595,2021-03-21,2021,3,21,1,0
5596,2023-06-19,2023,6,19,0,0
5597,2023-06-21,2023,6,21,0,0
5598,2023-06-24,2023,6,24,1,0
5599,2023-06-26,2023,6,26,0,0
5600,2021-04-27,2021,4,27,0,0
5601,2022-07-05,2022,7,5,0,0
5602,2022-07-24,2022,7,24,1,0
5603,2022-08-12,2022,8,12,0,0
5604,2022-09-19,2022,9,19,0,0
5605,2023-07-05,2023,7,5,0,0
5606,2023-07-12,2023,7,12,0,0
5607,2023-07-17,2023,7,17,0,0
7203,2024-12-18,2024,12,18,0,0
7204,2025-02-21,2025,2,21,0,0
7205,2025-04-16,2025,4,16,0,0
7206,2025-05-01,2025,5,1,0,1
7207,2025-06-22,2025,6,22,1,0
7208,2025-01-17,2025,1,17,0,0
7209,2025-10-08,2025,10,8,0,0
7210,2025-10-03,2025,10,3,0,0
7211,2025-11-20,2025,11,20,0,0
7212,2025-12-23,2025,12,23,0,0
7213,2025-11-14,2025,11,14,0,0
7214,2025-08-24,2025,8,24,1,0
7215,2025-08-06,2025,8,6,0,0
7216,2025-06-13,2025,6,13,0,0
7217,2025-07-13,2025,7,13,1,0
7218,2025-02-02,2025,2,2,1,0
7219,2025-01-27,2025,1,27,0,0
7220,2024-10-28,2024,10,28,0,0
7221,2024-10-27,2024,10,27,1,0
7222,2024-08-04,2024,8,4,1,0
7223,2024-07-18,2024,7,18,0,0
7224,2022-12-08,2022,12,8,0,1
7225,2022-12-10,2022,12,10,1,0
7226,2021-10-25,2021,10,25,0,0
7227,2021-10-28,2021,10,28,0,0
7228,2021-10-06,2021,10,6,0,0
7229,2021-11-07,2021,11,7,1,0
7230,2021-11-24,2021,11,24,0,0
7231,2022-01-01,2022,1,1,1,1
7232,2022-01-09,2022,1,9,1,0
7233,2022-01-13,2022,1,13,0,0
7234,2022-02-05,2022,2,5,1,0
7235,2022-02-17,2022,2,17,0,0
7236,2023-08-01,2023,8,1,0,0
7237,2023-08-07,2023,8,7,0,0
7238,2023-08-17,2023,8,17,0,0
7239,2023-02-28,2023,2,28,0,0
7240,2023-03-06,2023,3,6,0,0
7241,2023-03-10,2023,3,10,0,0
7242,2023-04-03,2023,4,3,0,0
7243,2023-04-14,2023,4,14,0,0
7244,2023-04-16,2023,4,16,1,0
7245,2023-04-23,2023,4,23,1,0
7246,2023-11-02,2023,11,2,0,0
7247,2023-12-02,2023,12,2,1,0
7248,2023-12-15,2023,12,15,0,0
7249,2024-01-04,2024,1,4,0,0
7250,2024-01-14,2024,1,14,1,0
7251,2024-01-20,2024,1,20,1,0
7252,2024-01-23,2024,1,23,0,0
7253,2024-01-24,2024,1,24,0,0
7254,2023-09-12,2023,9,12,0,0
7255,2023-09-21,2023,9,21,0,0
7256,2023-09-24,2023,9,24,1,0
7257,2023-10-07,2023,10,7,1,0
7258,2023-10-17,2023,10,17,0,0
7259,2023-01-13,2023,1,13,0,0
7260,2023-01-19,2023,1,19,0,0
7261,2021-07-20,2021,7,20,0,0
7262,2021-07-24,2021,7,24,1,0
7263,2021-08-02,2021,8,2,0,0
7264,2021-08-17,2021,8,17,0,0
7265,2021-09-01,2021,9,1,0,0
7266,2022-03-10,2022,3,10,0,0
7267,2022-04-05,2022,4,5,0,0
7268,2022-05-18,2022,5,18,0,0
7269,2022-06-03,2022,6,3,0,0
7270,2024-02-08,2024,2,8,0,0
7271,2024-02-18,2024,2,18,1,0
7272,2024-03-01,2024,3,1,0,0
7273,2024-03-18,2024,3,18,0,0
7274,2024-04-15,2024,4,15,0,0
7275,2024-04-23,2024,4,23,0,0
7276,2024-06-04,2024,6,4,0,0
7277,2021-01-29,2021,1,29,0,0
7278,2021-02-22,2021,2,22,0,0
7279,2021-02-26,2021,2,26,0,0
7280,2021-03-18,2021,3,18,0,0
7281,2021-03-19,2021,3,19,0,0
7282,2023-05-01,2023,5,1,0,1
7283,2023-05-30,2023,5,30,0,0
7284,2021-04-01,2021,4,1,0,0
7285,2021-04-15,2021,4,15,0,0
7286,2021-04-17,2021,4,17,1,0
7287,2021-04-30,2021,4,30,0,0
7288,2022-07-01,2022,7,1,0,0
7289,2022-07-06,2022,7,6,0,0
7290,2022-08-05,2022,8,5,0,0
7291,2022-08-22,2022,8,22,0,0
7292,2022-08-23,2022,8,23,0,0
7293,2022-08-24,2022,8,24,0,0
7294,2022-09-17,2022,9,17,1,0
7295,2022-09-28,2022,9,28,0,0
7296,2022-10-06,2022,10,6,0,0
7297,2022-10-11,2022,10,11,0,0
7298,2022-10-13,2022,10,13,0,0
7299,2022-10-26,2022,10,26,0,0
7300,2022-11-10,2022,11,10,0,0
7301,2022-11-12,2022,11,12,1,0
7302,2022-11-29,2022,11,29,0,0
7303,2023-07-02,2023,7,2,1,0
7304,2023-07-18,2023,7,18,0,0
6623,2024-11-26,2024,11,26,0,0
6624,2025-01-06,2025,1,6,0,1
6625,2025-01-03,2025,1,3,0,0
6626,2025-03-07,2025,3,7,0,0
6627,2025-02-20,2025,2,20,0,0
6628,2025-02-17,2025,2,17,0,0
6629,2024-10-19,2024,10,19,1,0
6630,2024-09-24,2024,9,24,0,0
6631,2024-09-21,2024,9,21,1,0
6632,2024-11-12,2024,11,12,0,0
6633,2025-08-31,2025,8,31,1,0
6634,2025-08-26,2025,8,26,0,0
6635,2025-10-18,2025,10,18,1,0
6636,2025-10-15,2025,10,15,0,0
6637,2025-09-28,2025,9,28,1,0
6638,2025-11-22,2025,11,22,1,0
6639,2025-12-29,2025,12,29,0,0
6640,2025-12-22,2025,12,22,0,0
6641,2025-12-10,2025,12,10,0,0
6642,2025-04-02,2025,4,2,0,0
6643,2025-03-31,2025,3,31,0,0
6644,2025-03-23,2025,3,23,1,0
6645,2025-07-22,2025,7,22,0,0
6646,2025-07-19,2025,7,19,1,0
6647,2025-07-18,2025,7,18,0,0
6648,2025-05-28,2025,5,28,0,0
6649,2025-05-20,2025,5,20,0,0
6650,2025-05-14,2025,5,14,0,0
6651,2025-01-24,2025,1,24,0,0
6652,2024-10-26,2024,10,26,1,0
6653,2024-08-10,2024,8,10,1,0
6654,2024-07-23,2024,7,23,0,0
6655,2024-07-21,2024,7,21,1,0
6656,2024-09-15,2024,9,15,1,0
6657,2024-08-31,2024,8,31,1,0
6658,2024-06-26,2024,6,26,0,0
6659,2024-06-14,2024,6,14,0,0
6660,2022-12-25,2022,12,25,1,1
6661,2021-10-23,2021,10,23,1,0
6662,2021-10-26,2021,10,26,0,0
6663,2021-10-30,2021,10,30,1,0
6664,2021-10-31,2021,10,31,1,0
6665,2021-11-01,2021,11,1,0,1
6666,2021-11-10,2021,11,10,0,0
6667,2021-11-29,2021,11,29,0,0
6668,2022-02-14,2022,2,14,0,0
6669,2022-02-20,2022,2,20,1,0
6670,2023-07-24,2023,7,24,0,0
6671,2023-08-06,2023,8,6,1,0
6672,2023-08-09,2023,8,9,0,0
6673,2023-08-14,2023,8,14,0,0
6674,2023-08-15,2023,8,15,0,1
6675,2023-08-23,2023,8,23,0,0
6676,2023-02-25,2023,2,25,1,0
6677,2023-02-27,2023,2,27,0,0
6678,2023-02-02,2023,2,2,0,0
6679,2023-02-04,2023,2,4,1,0
6680,2023-02-12,2023,2,12,1,0
6681,2023-02-15,2023,2,15,0,0
6682,2023-03-19,2023,3,19,1,0
6683,2023-04-11,2023,4,11,0,0
6684,2023-04-17,2023,4,17,0,0
6685,2023-04-19,2023,4,19,0,0
6686,2021-05-17,2021,5,17,0,0
6687,2021-06-07,2021,6,7,0,0
6688,2021-06-23,2021,6,23,0,0
6689,2024-01-02,2024,1,2,0,0
6690,2024-01-07,2024,1,7,1,0
6691,2024-01-12,2024,1,12,0,0
6692,2024-01-15,2024,1,15,0,0
6693,2024-01-27,2024,1,27,1,0
6694,2023-08-31,2023,8,31,0,0
6695,2023-09-07,2023,9,7,0,0
6696,2023-09-20,2023,9,20,0,0
6697,2023-10-01,2023,10,1,1,0
6698,2023-10-23,2023,10,23,0,0
6699,2023-01-09,2023,1,9,0,0
6700,2023-01-25,2023,1,25,0,0
6701,2023-01-28,2023,1,28,1,0
6702,2023-01-31,2023,1,31,0,0
6703,2021-07-02,2021,7,2,0,0
6704,2021-07-18,2021,7,18,1,0
6705,2021-08-28,2021,8,28,1,0
6706,2022-03-24,2022,3,24,0,0
6707,2022-03-28,2022,3,28,0,0
6708,2022-04-10,2022,4,10,1,0
6709,2022-05-02,2022,5,2,0,0
6710,2022-06-12,2022,6,12,1,0
6711,2024-02-17,2024,2,17,1,0
6712,2024-03-06,2024,3,6,0,0
6713,2024-03-09,2024,3,9,1,0
6714,2024-04-06,2024,4,6,1,0
6715,2024-04-13,2024,4,13,1,0
6716,2024-05-19,2024,5,19,1,0
6717,2024-06-03,2024,6,3,0,0
6718,2021-01-05,2021,1,5,0,0
6719,2021-01-22,2021,1,22,0,0
6720,2021-02-16,2021,2,16,0,0
6721,2021-02-24,2021,2,24,0,0
6722,2021-02-27,2021,2,27,1,0
6723,2021-03-13,2021,3,13,1,0
6724,2023-05-04,2023,5,4,0,0
6725,2023-05-16,2023,5,16,0,0
6726,2023-05-26,2023,5,26,0,0
6727,2023-05-27,2023,5,27,1,0
6728,2023-06-08,2023,6,8,0,0
6729,2021-04-09,2021,4,9,0,0
6730,2021-04-24,2021,4,24,1,0
6731,2022-07-15,2022,7,15,0,0
6732,2022-07-19,2022,7,19,0,0
6733,2022-07-27,2022,7,27,0,0
6734,2022-08-14,2022,8,14,1,0
6735,2022-09-01,2022,9,1,0,0
6736,2022-09-14,2022,9,14,0,0
6737,2022-09-30,2022,9,30,0,0
6738,2022-10-01,2022,10,1,1,0
6739,2022-11-03,2022,11,3,0,0
6740,2022-11-04,2022,11,4,0,0
6741,2022-11-11,2022,11,11,0,0
6742,2022-11-16,2022,11,16,0,0
6743,2022-11-21,2022,11,21,0,0
6744,2022-11-26,2022,11,26,1,0
6164,2024-11-24,2024,11,24,1,0
6165,2024-12-20,2024,12,20,0,0
6166,2025-07-11,2025,7,11,0,0
6167,2025-07-09,2025,7,9,0,0
6168,2025-07-02,2025,7,2,0,0
6169,2025-03-02,2025,3,2,1,0
6170,2025-04-17,2025,4,17,0,0
6171,2025-04-14,2025,4,14,0,0
6172,2024-10-02,2024,10,2,0,0
6173,2025-05-02,2025,5,2,0,0
6174,2025-03-13,2025,3,13,0,0
6175,2025-03-12,2025,3,12,0,0
6176,2025-03-10,2025,3,10,0,0
6177,2025-09-06,2025,9,6,1,0
6178,2025-10-04,2025,10,4,1,0
6179,2025-09-30,2025,9,30,0,0
6180,2025-11-25,2025,11,25,0,0
6181,2025-10-29,2025,10,29,0,0
6182,2025-06-15,2025,6,15,1,0
6183,2025-07-27,2025,7,27,1,0
6184,2025-05-07,2025,5,7,0,0
6185,2024-12-11,2024,12,11,0,0
6186,2024-11-07,2024,11,7,0,0
6187,2024-08-11,2024,8,11,1,0
6188,2024-08-05,2024,8,5,0,0
6189,2024-07-16,2024,7,16,0,0
6190,2024-09-16,2024,9,16,0,0
6191,2024-09-07,2024,9,7,1,0
6192,2024-09-03,2024,9,3,0,0
6193,2024-08-21,2024,8,21,0,0
6194,2024-07-04,2024,7,4,0,0
6195,2024-06-22,2024,6,22,1,0
6196,2024-06-15,2024,6,15,1,0
6197,2024-10-05,2024,10,5,1,0
6198,2022-12-14,2022,12,14,0,0
6199,2022-12-01,2022,12,1,0,0
6200,2021-10-18,2021,10,18,0,0
6201,2021-10-07,2021,10,7,0,0
6202,2021-11-14,2021,11,14,1,0
6203,2021-12-03,2021,12,3,0,0
6204,2021-12-09,2021,12,9,0,0
6205,2021-12-20,2021,12,20,0,0
6206,2021-12-22,2021,12,22,0,0
6207,2021-12-25,2021,12,25,1,1
6208,2022-01-07,2022,1,7,0,0
6209,2022-01-27,2022,1,27,0,0
6210,2022-01-28,2022,1,28,0,0
6211,2022-02-09,2022,2,9,0,0
6212,2023-07-29,2023,7,29,1,0
6213,2023-08-11,2023,8,11,0,0
6214,2023-08-19,2023,8,19,1,0
6215,2023-02-18,2023,2,18,1,0
6216,2023-03-25,2023,3,25,1,0
6217,2023-03-26,2023,3,26,1,0
6218,2023-04-18,2023,4,18,0,0
6219,2021-05-11,2021,5,11,0,0
6220,2021-06-05,2021,6,5,1,0
6221,2021-06-27,2021,6,27,1,0
6222,2023-11-11,2023,11,11,1,0
6223,2023-11-27,2023,11,27,0,0
6224,2023-11-06,2023,11,6,0,0
6225,2023-09-01,2023,9,1,0,0
6226,2023-09-28,2023,9,28,0,0
6227,2023-10-18,2023,10,18,0,0
6228,2023-10-19,2023,10,19,0,0
6229,2023-10-24,2023,10,24,0,0
6230,2023-10-30,2023,10,30,0,0
6231,2023-10-31,2023,10,31,0,0
6232,2023-01-15,2023,1,15,1,0
6233,2021-07-04,2021,7,4,1,0
6234,2021-08-14,2021,8,14,1,0
6235,2022-03-01,2022,3,1,0,0
6236,2022-03-03,2022,3,3,0,0
6237,2022-03-07,2022,3,7,0,0
6238,2022-04-25,2022,4,25,0,1
6239,2022-05-09,2022,5,9,0,0
6240,2024-02-06,2024,2,6,0,0
6248,2024-02-15,2024,2,15,0,0
6249,2024-02-26,2024,2,26,0,0
6250,2024-02-28,2024,2,28,0,0
6251,2024-02-29,2024,2,29,0,0
6252,2024-08-19,2024,8,19,0,0
6253,2024-03-02,2024,3,2,1,0
6254,2024-03-10,2024,3,10,1,0
6255,2024-03-28,2024,3,28,0,0
6256,2024-04-08,2024,4,8,0,0
6257,2024-05-06,2024,5,6,0,0
6258,2024-05-08,2024,5,8,0,0
6259,2024-05-20,2024,5,20,0,0
6260,2024-05-22,2024,5,22,0,0
6261,2024-06-02,2024,6,2,1,1
6262,2021-01-20,2021,1,20,0,0
6325,2021-02-11,2021,2,11,0,0
6326,2021-03-20,2021,3,20,1,0
6327,2021-03-26,2021,3,26,0,0
6328,2023-05-25,2023,5,25,0,0
6329,2023-06-30,2023,6,30,0,0
6330,2021-04-25,2021,4,25,1,1
6331,2022-07-18,2022,7,18,0,0
6332,2022-07-25,2022,7,25,0,0
6333,2022-07-28,2022,7,28,0,0
6334,2022-08-02,2022,8,2,0,0
6335,2022-08-28,2022,8,28,1,0
6350,2022-09-03,2022,9,3,1,0
6351,2022-09-13,2022,9,13,0,0
6352,2022-09-29,2022,9,29,0,0
6353,2022-10-24,2022,10,24,0,0
6354,2022-11-13,2022,11,13,1,0
6355,2022-11-30,2022,11,30,0,0
6498,2025-01-12,2025,1,12,1,0
6499,2025-01-08,2025,1,8,0,0
6500,2025-01-05,2025,1,5,1,0
6501,2025-06-26,2025,6,26,0,0
6502,2025-03-08,2025,3,8,1,0
6503,2025-04-25,2025,4,25,0,1
6504,2025-04-18,2025,4,18,0,0
6505,2025-04-09,2025,4,9,0,0
6506,2024-10-13,2024,10,13,1,0
6507,2024-11-15,2024,11,15,0,0
6508,2025-06-24,2025,6,24,0,0
6509,2025-09-12,2025,9,12,0,0
6510,2025-08-28,2025,8,28,0,0
6511,2025-10-23,2025,10,23,0,0
6512,2025-10-12,2025,10,12,1,0
6513,2025-09-26,2025,9,26,0,0
6514,2025-12-05,2025,12,5,0,0
6515,2025-11-24,2025,11,24,0,0
6516,2025-12-27,2025,12,27,1,0
6517,2025-12-21,2025,12,21,1,0
6518,2025-12-11,2025,12,11,0,0
6519,2025-11-15,2025,11,15,1,0
6520,2025-11-13,2025,11,13,0,0
6521,2025-11-02,2025,11,2,1,0
6522,2025-08-21,2025,8,21,0,0
6523,2025-08-17,2025,8,17,1,0
6524,2025-08-05,2025,8,5,0,0
6525,2025-06-04,2025,6,4,0,0
6526,2025-07-31,2025,7,31,0,0
6527,2025-05-15,2025,5,15,0,0
6528,2025-05-12,2025,5,12,0,0
6529,2025-05-11,2025,5,11,1,0
6530,2025-02-08,2025,2,8,1,0
6531,2024-11-08,2024,11,8,0,0
6532,2024-07-10,2024,7,10,0,0
6533,2024-07-05,2024,7,5,0,0
6534,2024-06-29,2024,6,29,1,0
6535,2022-12-12,2022,12,12,0,0
6536,2022-12-26,2022,12,26,0,1
6537,2023-01-01,2023,1,1,1,1
6538,2021-10-02,2021,10,2,1,0
6539,2021-12-06,2021,12,6,0,0
6540,2022-01-21,2022,1,21,0,0
6541,2022-01-25,2022,1,25,0,0
6542,2022-02-01,2022,2,1,0,0
6543,2022-02-08,2022,2,8,0,0
6544,2022-02-22,2022,2,22,0,0
6545,2023-07-28,2023,7,28,0,0
6546,2023-08-16,2023,8,16,0,0
6547,2023-02-22,2023,2,22,0,0
6548,2023-02-05,2023,2,5,1,0
6549,2023-03-08,2023,3,8,0,0
6550,2023-03-27,2023,3,27,0,0
6551,2023-04-12,2023,4,12,0,0
6552,2023-04-15,2023,4,15,1,0
6553,2023-04-20,2023,4,20,0,0
6554,2023-04-21,2023,4,21,0,0
6555,2021-06-16,2021,6,16,0,0
6556,2021-06-18,2021,6,18,0,0
6557,2023-11-17,2023,11,17,0,0
6558,2023-11-19,2023,11,19,1,0
6559,2023-11-08,2023,11,8,0,0
6560,2023-12-11,2023,12,11,0,0
6561,2024-01-26,2024,1,26,0,0
6562,2024-01-28,2024,1,28,1,0
6563,2023-09-15,2023,9,15,0,0
6564,2023-09-16,2023,9,16,1,0
6565,2023-09-17,2023,9,17,1,0
6566,2023-10-03,2023,10,3,0,0
6567,2023-10-28,2023,10,28,1,0
6568,2023-01-08,2023,1,8,1,0
6569,2023-01-14,2023,1,14,1,0
6570,2023-01-24,2023,1,24,0,0
6571,2021-07-06,2021,7,6,0,0
6572,2021-08-09,2021,8,9,0,0
6573,2021-09-07,2021,9,7,0,0
6574,2021-09-14,2021,9,14,0,0
6575,2021-09-15,2021,9,15,0,0
6576,2021-09-26,2021,9,26,1,0
6577,2022-03-13,2022,3,13,1,0
6578,2022-03-29,2022,3,29,0,0
6579,2022-06-09,2022,6,9,0,0
6580,2024-02-04,2024,2,4,1,0
6581,2024-02-16,2024,2,16,0,0
6582,2024-02-20,2024,2,20,0,0
6583,2024-03-08,2024,3,8,0,0
6584,2024-03-27,2024,3,27,0,0
6585,2024-04-18,2024,4,18,0,0
6586,2024-04-30,2024,4,30,0,0
6587,2024-05-21,2024,5,21,0,0
6588,2024-05-26,2024,5,26,1,0
6589,2021-01-08,2021,1,8,0,0
6590,2021-01-18,2021,1,18,0,0
6591,2021-01-21,2021,1,21,0,0
6592,2021-01-27,2021,1,27,0,0
6593,2021-02-07,2021,2,7,1,0
6594,2021-02-10,2021,2,10,0,0
6595,2021-03-24,2021,3,24,0,0
6596,2023-05-06,2023,5,6,1,0
6597,2023-05-21,2023,5,21,1,0
6598,2023-06-09,2023,6,9,0,0
6599,2023-06-10,2023,6,10,1,0
6600,2023-06-13,2023,6,13,0,0
6601,2023-06-17,2023,6,17,1,0
6602,2021-04-14,2021,4,14,0,0
6603,2021-04-16,2021,4,16,0,0
6604,2022-07-07,2022,7,7,0,0
6605,2022-07-13,2022,7,13,0,0
6606,2022-07-21,2022,7,21,0,0
6607,2022-08-11,2022,8,11,0,0
6608,2022-08-19,2022,8,19,0,0
6609,2022-08-30,2022,8,30,0,0
6610,2022-09-05,2022,9,5,0,0
6611,2022-09-11,2022,9,11,1,0
6612,2022-09-12,2022,9,12,0,0
6613,2022-09-20,2022,9,20,0,0
6614,2022-09-21,2022,9,21,0,0
6615,2022-10-12,2022,10,12,0,0
6616,2022-10-15,2022,10,15,1,0
6617,2022-10-20,2022,10,20,0,0
6618,2022-10-27,2022,10,27,0,0
6619,2022-11-01,2022,11,1,0,1
6620,2022-11-25,2022,11,25,0,0
6621,2023-07-03,2023,7,3,0,0
6622,2023-07-08,2023,7,8,1,0
6384,2024-12-15,2024,12,15,1,0
6385,2024-12-05,2024,12,5,0,0
6386,2025-01-13,2025,1,13,0,0
6387,2025-07-03,2025,7,3,0,0
6388,2025-02-23,2025,2,23,1,0
6389,2024-11-14,2024,11,14,0,0
6390,2025-01-14,2025,1,14,0,0
6391,2025-09-13,2025,9,13,1,0
6392,2025-09-04,2025,9,4,0,0
6393,2025-09-23,2025,9,23,0,0
6394,2025-09-17,2025,9,17,0,0
6395,2025-12-08,2025,12,8,0,1
6396,2025-11-30,2025,11,30,1,0
6397,2025-11-01,2025,11,1,1,1
6398,2025-08-20,2025,8,20,0,0
6399,2025-08-14,2025,8,14,0,0
6400,2025-08-13,2025,8,13,0,0
6401,2025-06-09,2025,6,9,0,0
6402,2025-05-30,2025,5,30,0,0
6403,2025-03-15,2025,3,15,1,0
6404,2025-07-30,2025,7,30,0,0
6405,2025-07-23,2025,7,23,0,0
6406,2025-05-09,2025,5,9,0,0
6407,2025-05-08,2025,5,8,0,0
6408,2025-02-14,2025,2,14,0,0
6409,2025-02-07,2025,2,7,0,0
6410,2025-02-01,2025,2,1,1,0
6411,2024-08-08,2024,8,8,0,0
6412,2024-08-02,2024,8,2,0,0
6413,2024-07-30,2024,7,30,0,0
6414,2024-07-24,2024,7,24,0,0
6415,2024-07-06,2024,7,6,1,0
6416,2024-06-30,2024,6,30,1,0
6417,2024-10-07,2024,10,7,0,0
6418,2022-12-07,2022,12,7,0,0
6419,2022-12-15,2022,12,15,0,0
6420,2022-12-21,2022,12,21,0,0
6421,2022-12-23,2022,12,23,0,0
6422,2021-10-22,2021,10,22,0,0
6423,2021-10-08,2021,10,8,0,0
6424,2021-11-17,2021,11,17,0,0
6425,2021-12-23,2021,12,23,0,0
6426,2022-01-05,2022,1,5,0,0
6427,2022-01-16,2022,1,16,1,0
6428,2022-01-23,2022,1,23,1,0
6429,2022-02-21,2022,2,21,0,0
6430,2023-07-23,2023,7,23,1,0
6431,2023-07-27,2023,7,27,0,0
6432,2023-08-04,2023,8,4,0,0
6433,2023-08-12,2023,8,12,1,0
6434,2023-02-14,2023,2,14,0,0
6435,2023-03-04,2023,3,4,1,0
6436,2023-03-15,2023,3,15,0,0
6437,2021-05-29,2021,5,29,1,0
6438,2021-05-03,2021,5,3,0,0
6439,2021-05-14,2021,5,14,0,0
6440,2021-05-15,2021,5,15,1,0
6441,2021-06-08,2021,6,8,0,0
6442,2023-11-05,2023,11,5,1,0
6443,2023-12-05,2023,12,5,0,0
6444,2023-12-29,2023,12,29,0,0
6445,2023-12-30,2023,12,30,1,0
6446,2024-01-13,2024,1,13,1,0
6447,2024-01-31,2024,1,31,0,0
6448,2023-09-10,2023,9,10,1,0
6449,2023-10-16,2023,10,16,0,0
6450,2021-07-03,2021,7,3,1,0
6451,2021-07-13,2021,7,13,0,0
6452,2021-07-31,2021,7,31,1,0
6453,2021-09-03,2021,9,3,0,0
6454,2021-09-08,2021,9,8,0,0
6455,2021-09-17,2021,9,17,0,0
6456,2021-09-20,2021,9,20,0,0
6457,2021-09-21,2021,9,21,0,0
6458,2021-09-28,2021,9,28,0,0
6459,2022-03-11,2022,3,11,0,0
6460,2022-03-23,2022,3,23,0,0
6461,2022-04-06,2022,4,6,0,0
6462,2022-04-16,2022,4,16,1,0
6463,2022-05-05,2022,5,5,0,0
6464,2022-05-06,2022,5,6,0,0
6465,2022-06-11,2022,6,11,1,0
6466,2022-06-19,2022,6,19,1,0
6467,2024-02-14,2024,2,14,0,0
6468,2024-03-17,2024,3,17,1,0
6469,2024-04-20,2024,4,20,1,0
6470,2024-05-01,2024,5,1,0,1
6471,2024-05-04,2024,5,4,1,0
6472,2024-06-05,2024,6,5,0,0
6473,2021-01-11,2021,1,11,0,0
6474,2021-01-24,2021,1,24,1,0
6475,2021-02-06,2021,2,6,1,0
6476,2021-02-14,2021,2,14,1,0
6477,2021-02-25,2021,2,25,0,0
6478,2021-03-02,2021,3,2,0,0
6479,2021-03-06,2021,3,6,1,0
6480,2021-03-23,2021,3,23,0,0
6481,2023-05-09,2023,5,9,0,0
6482,2023-05-19,2023,5,19,0,0
6483,2023-05-29,2023,5,29,0,0
6484,2023-06-06,2023,6,6,0,0
6485,2023-06-11,2023,6,11,1,0
6486,2021-04-06,2021,4,6,0,0
6487,2021-04-11,2021,4,11,1,0
6488,2022-07-09,2022,7,9,1,0
6489,2022-08-16,2022,8,16,0,0
6490,2022-08-18,2022,8,18,0,0
6491,2022-09-02,2022,9,2,0,0
6492,2022-09-09,2022,9,9,0,0
6493,2022-10-03,2022,10,3,0,0
6494,2022-11-05,2022,11,5,1,0
6495,2022-11-06,2022,11,6,1,0
6496,2022-11-22,2022,11,22,0,0
6497,2023-07-13,2023,7,13,0,0
